﻿<?xml version="1.0" encoding="utf-8"?>
<log4net debug="false">
  <appender name="RollingFileAppender" type="log4net.Appender.RollingFileAppender">
    <file value="..\data\Log4Net\log.txt" />
    <maxSizeRollBackups value="5" />
    <rollingStyle value="Size" />
    <maximumFileSize value="10MB" />
    <appendToFile value="true" />
    <lockingModel type="log4net.Appender.FileAppender+MinimalLock" />
    <layout type="log4net.Layout.PatternLayout">
      <conversionPattern value="%date [%thread] %-5level %logger - %message%newline" />
    </layout>
  </appender>

  <!-- Use traceAppender to get output to Visual Studio -->
  <appender name="TraceAppender" type="log4net.Appender.TraceAppender">
    <layout type="log4net.Layout.PatternLayout">
      <conversionPattern value="%date [%thread] %-4level - %message%newline"/>
    </layout>
  </appender>

  <root>
    <level value="ALL" />
    <appender-ref ref="RollingFileAppender" />
    <appender-ref ref="TraceAppender" />
  </root>
</log4net>
